Pokemon,Method,Location,Time,Before Gym,Notes,Type(s) 1,Type(s) 2,
Blipbug,Grass,Lower Peridot Ward,Day,001 - Julia,,Bug,,
Clobbopus,Cave,Lower Peridot Alley,Any,001 - Julia,,Fighting,,
Cufant,Event,Lower Peridot Ward,Any,001 - Julia,"Shares a chance with Zigzagoon and Pachirisu, bully Event",Steel,,
Galarian Zigzagoon,Event,Lower Peridot Ward,Any,001 - Julia,"Gulpin Event, Mono Normal/Dark",Normal,Dark,
Gimmighoul,Event,Lower Peridot Ward,Any,001 - Julia,"Gulpin Event, Mono Ghost",Ghost,,
Impidimp,Event,Lower Peridot Ward,Any,001 - Julia,"Shares a chance with Whismur, Pokésnax",Dark,Fairy,
Machop,Event,Lower Peridot Ward,Any,001 - Julia,"Shares a chance with Whismur, Pokésnax",Fighting,,
Nickit,Cave,North Peridot Alley,Any,001 - Julia,,Dark,,
Partner Eevee,Password,Grand Hall,Any,001 - Julia,Check Partner Pikachu entry,Normal,,
Partner Pikachu,Password,Grand Hall,Any,001 - Julia,"Password: partner, partnerpoke. You can choose them as starters.",Electric,,
Roggenrola,Event,Lower Peridot Ward,Any,001 - Julia,"Shares a chance with Whismur, Pokésnax, Mono Rock",Rock,,
Shroodle,Cave,Underground Railnet,Any,001 - Julia,,Normal,Poison,
Skwovet,Headbutt,Opal Ward,Any,001 - Julia,,Normal,,
Tarountula,Headbutt,Lower Peridot Ward,Any,001 - Julia,,Bug,,
Toxel / Toxtricity,Event,Lower Peridot Ward,Any,001 - Julia,"Shares a chance with Minccino and Espurr, Pokésnax",Poison,Electric,
Wiglett,Old Rod,Peridot Ward,Any,001 - Julia,Water Pond inside the house,Water,,
Bombirdier,Event,Onyx Arcades,Any,002 - Florinia,,Dark,Flying,
Eevee,Event,Lower Peridot Ward,Any,002 - Florinia,"After Julia, key lying next to Victoria, used to open abandoned house",Normal,,
Fidough,Event,Onyx Arcades,Any,002 - Florinia,,Fairy,,
Gossifleur,Grass,Obsidia Ward,Day,002 - Florinia,,Grass,,
Lechonk,Cave,Obsidia Slums 1F,Any,002 - Florinia,,Normal,,
Maschiff ,Cave,Obsidia Slums B1F,Any,002 - Florinia,,Dark,,
Milcery,Event,Onyx Arcades,Any,002 - Florinia,Evolve by using Hand Mixer on it,Fairy,,
Pawmi,Grass,Onyx Ward Roof,Any,002 - Florinia,,Electric,Fighting,
Silicobra,Event,Onyx Arcades,Any,002 - Florinia,,Ground,,
Stonjourner,Event,Onyx Arcades,Any,002 - Florinia,,Rock,,
Yamper,Grass,Obsidia Ward / Playground,Morning / Night,002 - Florinia,,Electric,,
Applin,Headbutt,Beryl Ward/Cemetery,Any,003 - Corey,,Dragon,Grass,
Bramblin,Event,Opal Ward,Any,003 - Corey,"Egg from the Gentleman on the couch in Grand Hall after beating Florinia

Walk 1000 Steps with Bramblin in team and lvl up to evolve",Grass,Ghost,
Galarian Farfetch'd,Land,Rhodochrine Jungle,Any,003 - Corey,Evolve after critical hitting 3 times during battle and lvl up,Fighting,,
Ivysaur*,Cave,Beryl Cave,Any,003 - Corey,"Corey Event:
*Replaces Nidorina Event when AllGen / AnyGo switch is active
You can switch back to Vanilla if you want Nidorina",Grass,Poison,
Rellor,Grass,Rhodochrine Jungle,Day,003 - Corey,Walk 1000 Steps with Rellor in team and lvl up to evolve,Bug,Psychic,
Smoliv,Grass,Beryl Ward/Cemetery,Morning,003 - Corey,,Grass,Normal,
Squawkabilly,Grass,Rhodochrine Jungle,Morning / Day,003 - Corey,,Normal,Flying,
Glimmet,Event,The Underroot,Any,004 - Shelly,"Need Silver Ring, Near the water, replaces Skrelp (AllGen Switch ON)",Rock,Poison,
Galarian Yamask,Cave,Yureyu Power Plant,Any,005 - Shade,Evolve it leveling up to 34 during night,Ground,Ghost,
Hisuian Sneasel*,Event,Citrine Mountain,Any,005 - Shade,"
Corey Event:
*Replaces Croagunk Event when AllGen / AnyGo switch is active
You can switch back to Vanilla if you want Croagunk",Poison,Fighting,
Hisuian Voltorb,Cave,Yureyu Power Plant,Any,005 - Shade,Use Leaf Stone to evolve,Electric,Grass,
Snom,Cave,Citrine Mountain,Any,005 - Shade,Evolve during night with high happiness,Bug,Ice,
Tadbulb,Cave,Yueryu Power Plant,Any,005 - Shade,,Electric,,
Galarian Stunfisk,Cave,Apophyll Cave,Any,006 - Kiki,Same as Unovan Stunfisk,Ground,Steel,
Klawf,Event,Apophyll Cave,Any,006 - Kiki,"Deepest cave area, need Pokesnax",Rock,,
Rolycoly,Cave,Pyrous Mountain,Any,006 - Kiki,,Rock,,
Sizzlipede,Rock Smash,Apophyll Beach/Cave,Any,006 - Kiki,,Bug,Fire,
Wiglett,Land,Apophyll Beach,Any,006 - Kiki,,Water,,
Flamigo,Event,Azurine Island,Any,007 - Aya,Standing around Azurine Island,Flying,Fighting,
Lokix,Grass,Byxbysion Wasteland,Morning / Day,007 - Aya,,Bug,Dark,
Paldean Wooper,Land,Azurine Island,"Morning, Day",007 - Aya,Same as Johtonian Wooper,Poison,Ground,
Toedscool,Grass,Azurine Island,Any,007 - Aya,,Ground,Grass,
Toxel / Toxtricity,Grass,Byxbysion Wasteland,Night,007 - Aya,,Poison,Electric,
Capsakid,Grass,Tanzan Cove,Morning,008 - Serra,,Grass,,
Chewtle,Old Rod,Tanzan Cove Fishing,Any,008 - Serra,,Water,Rock,
Indeedee,Grass,Tanzan Cove,Day / Night,008 - Serra,,Normal,Psychic,
Orthworm,Cave,Tanzan Depths,Any,008 - Serra,,Steel,,
Rookidee,Grass,Chrysolia Forest,,008 - Serra,,Flying,,
Tinkatuff,Event,Grand Stairway,Any,008 - Serra,"After beating Aya, where the Karate man was in Grand Stairway; 
Destroy all rocks with Rock Smash near Tinkatuff",Fairy,Steel,
Wattrel,Event,Opal Ward,Any,008 - Serra,Gentleman on the couch in Grand Hall after beating Aya,Electric,Flying,
Sprigatito,Event,Spinel Town,Any,009 - Noel,"Talking to Sprigatito for it to teleport away; 
1. Check near the train for it; 2. Check near the cave entrance
3. Afterwards look around the mossy rock. You will need Medicine",Grass,,
Cetitan,Cave,Celestinine Mountain,Any,010 - Radomus,,Ice,,
Cufant,Grass,North Aventurine Woods,Morning / Day,010 - Radomus,,Steel,,
Dubwool,Grass,Route 1,Morning / Day,010 - Radomus,,Normal,,
Flittle,Grass,South Aventurine Woods,Morning,010 - Radomus,,Psychic,,
Galarian Ponyta,Land,Route 1,"Day, Night",010 - Radomus,Same as Kantonian Ponyta,Fairy,Psychic,
Hattrem,Grass,Vanhanen Labyrinth,Any,010 - Radomus,,Psychic,Fairy,
Oinkologne,Grass,Route 1,Day,010 - Radomus,,Normal,,
Paldean Tauros,Event,Route 1 Nature Center,Any,010 - Radomus,"Trade a regular Tauros for a Paldean Tauros Egg of your choice, repeatable",Fighting,Fire/Water,
Galarian Linoone,Land,Iolia Vally,Night,011 - Luna,,Normal,Dark,
Glimmora,Cave,Iolia Cave Areas,Any,011 - Luna,,Rock,Poison,
Impidimp,Cave,Iolia Cave (Sableye Cave),Any,011 - Luna,,Dark,Fairy,
Morpeko,Grass,Iolia Valley,Any,011 - Luna,,Electric,Electric,
Cyclizar,Grass,Route 2,Morning / Day,012 - Samson,,Normal,Dragon,
Eiscue,Cave,"Citrine Mountain 1F, 3F",Any,012 - Samson,,Ice,,
Falinks,Grass,Route 2,Morning,012 - Samson,,Fighting,,
Bombirdier,Grass,Route 3,Morning / Night,013 - Charlotte,,Flying,Dark,
Duraludon,Cave,Route 3 (LCCC Cave),Any,013 - Charlotte,,Dragon,Steel,
Galarian Darmanitan,Grass,Route 4,Morning / Day,013 - Charlotte,,Ice,Fire,
Galarian Meowth,Grass,Ametrine City,Any,013 - Charlotte,,Steel,,
Hisuian Sneasel,Grass,Route 3,Morning / Day,013 - Charlotte,Lvl up while holding Razor Claw at day,Poison,Fighting,
Hisuian Zorua,Event,Calcenon City,Any,013 - Charlotte,"Gentleman in the lower right corner in Calcenon City, trade for any Pokemon",Normal,Ghost,
Fuecoco,Event,Ametrine City,Any,014 - Terra,"In the Pokemon Center, it wants Blue Moon Ice Cream",Fire,,
Clodsire*,Event,Citrine Mountain,Any,015 - Ciel,"
Corey Event:
*Replaces Mareanie Event when AllGen / AnyGo switch is active
You can switch back to Vanilla if you want Mareanie",Poison,Water,
Overqwil*,Event,Citrine Mountain,Any,015 - Ciel,"
Corey Event:
*Replaces Skuntank Event when AllGen / AnyGo switch is active
You can switch back to Vanilla if you want Skuntank",Dark,Poison,
Arctovish,Event,Spinel Museum Shop,Any,016 - Adrienn,,Water,Ice,
Arctozolt,Event,Spinel Museum Shop,Any,016 - Adrienn,,Electric,Ice,
Barraskewda,Dive,Azurine Lake,Any,016 - Adrienn,,Water,,
Cramorant,Cave,Apophyll Beach,Any,016 - Adrienn,,Water,Flying,
Croagunk,Land,Azurine Island,Morning / Day,016 - Adrienn,,Poison,Fighting,
Dracovish,Event,Spinel Museum Shop,Any,016 - Adrienn,,Water,Dragon,
Dracozolt,Event,Spinel Museum Shop,Any,016 - Adrienn,,Electric,Dragon,
Drizzile,Dive,Tanzan Cove,Any,016 - Adrienn,,Water,,
Galarian Corsola,Cave,Coral Lighthouse Renovated,Any,016 - Adrienn,,Ghost,,
Galarian Slowpoke,Super Rod,Chrysolia Spring,Any,016 - Adrienn,"1F, B1F",Psychic,,
Grapploct,Land,South Peridot Alley,Any,016 - Adrienn,,Fighting,,
Hisuian Growlithe,Land,Jasper Ward Renovated,"Day, Night",016 - Adrienn,,Fire,Rock,
Hisuian Qwilfish,Super Rod,Celestinine Mountain,Any,016 - Adrienn,"1F, 2F, 3F, B1F, B2F

Evolve by lvling up knowing Barb Barrage",Dark,Poison,
Houndstone,Grass,Neo Beryl Cemetery,Night,016 - Adrienn,,Ghost,,
Kilowattrel,Surf,Azurine Lake,Any,016 - Adrienn,,Electric,Flying,
Mabosstiff,Land,North Peridot Alley,Any,016 - Adrienn,,Dark,,
Pawmo,Grass,Onyx Ward Roof,Any,016 - Adrienn,Evolves to Pawmot by Thunder Stone,Electric,Fighting,
Pincurchin,Event,Apophyll Beach,Any,016 - Adrienn,,Electric,,
Poltchageist,Event,Obsidia Medicine Market,Any,016 - Adrienn,"Talk to the girl in Meganium's Market; Retrieve Matcha Powder from 7th Street, you have to battle Madame Meganium

Evolve by using a Tea Cup - sold in Obsidia Barber Shop",Grass,Ghost,
Revavroom,Event,Obsida/Lapis Renovated,Night,016 - Adrienn,"Repeatable Event, vrooms the area / Lapis Ward",Poison,Steel,
Thievul,Land,South Peridot Alley,Any,016 - Adrienn,,Dark,,
Veluza,Super Rod,Azurine Lake,Any,016 - Adrienn,,Water,Psychic,
Brambleghast,Land,Tourmaline Desert,Any,017 - Titania,,Grass,Ghost,
Dreepy,Event,Mirage Tower Basement,Any,017 - Titania,Spooking around in the basement,Dragon,Ghost,
Garganacl,Cave,Sugiline Cave B1F,Any,017 - Titania,,Rock,,
Gimmighoul,Event,Tourmaline Desert,Any,017 - Titania,"Talk to the Hiker in Peridot Train Station after beating Adrienn: Follow his riddles to find Gimmighoul:
To the right of the Teknite Cave entrance; Near Corey's Pokeballs; Sugiline Cave, Garchomp Area, left side",Ghost,,
Klawf,Cave,Sugiline Cave,Any,017 - Titania,,Rock,,
Poltchageist,Grass,Once upon a Waste of Time,Any,017 - Titania,,Grass,Ghost,
Raboot,Cave,1R253 Scrapyard,Any,017 - Titania,,Fire,,
Runerigus,Cave,Sugiline Ruin,Any,017 - Titania,,Ground,Ghost,
Sandaconda,Cave,Tourmaline Desert,Any,017 - Titania,,Ground,,
Sinistea,Grass,Once upon a Somewhere,Any,017 - Titania,Use a pot to evolve - sold in Obsidia Barber Shop,Ghost,,
Stonjourner,Cave,Sugiline Ruin,Any,017 - Titania,,Rock,,
Tinkaton,Cave,Teknite Cave,Any,017 - Titania,,Fairy,Steel,
Charcadet,Event,Titania's Castle,Any,018 - Hardy,"Follow it around the Castle, starting in the first entrance Hall",Fire,,
Dondozo,Cave,Agate City,Any,018 - Hardy,Underwater (Dive),Water,,
Finizen,Surf,Agate City,Any,018 - Hardy,Evolves at lvl 80,Water,,
Frigibax,Cave,Ametrine Mountain B4F,Any,018 - Hardy,,Ice,Dragon,
Kubfu,Event,Agate City,Any,018 - Hardy,Dex Completion (Bee's Quest) - 600 entries,Fighting,,
Kubfu,Event,Apophyll Island,Any,018 - Hardy,Apophyll Academy (left outside) - need Urshifu in 1st Party Slot,Fighting,,
Maushold,Event,Agate City,Any,018 - Hardy,,Normal,,
Meltan,Event,Obsidia Ward Renovated,Any,018 - Hardy,"1. Find the Silphcase in the Magic Square Puzzle room (in a box near the entrance)
2. Visit Silph Co. in Obsidia Ward and initiate his Quest to beat Melmetal",Steel,,
Poipole,Event,Agate City,Any,018 - Hardy,Dex Completion (Bee's Quest) - 892 entries (new),Poison,Dragon,
Quaxly,Event,Peridot Ward Renovated,Any,018 - Hardy,"Below the Blacksteam Factory in the water, 
Rescue Quaxly from the Crab Gang; Rock Climb needed",Water,,
Tatsugiri,Super Rod,Agate City,Any,018 - Hardy,,Water,Dragon,
White-Striped Basculin,Fishing,"Upper Route 4, Agate City",Any,018 - Hardy,Shares a chance with Red-Striped and Blue-Striped Basculin only on Route 4,Water,,
Grookey,Event,Opal Ward,Any,021 - Elite 4,Gentleman on the couch in Grand Hall after beating Saphira,Grass,,
Sneasler,Cave,Victory Road,Any,021 - Elite 4,,Poison,Fighting,
Brute Bonnet,Cave,Paradox Jungle,Any,024 - Tier 2 Post Game,Repeatable event,Grass,Dark,
Gouging Fire,Land,New World,Any,024 - Tier 2 Post Game,Same area as the respective present Pokémon,Fire,Dragon,
Iron Hands,Cave,Paradox Meteor Base,Any,024 - Tier 2 Post Game,Repeatable event,Electric,Fighting,
Iron Jugulis,Cave,Paradox Meteor Base,Any,024 - Tier 2 Post Game,Repeatable event,Dark,Flying,
Iron Thorns,Cave,Paradox Meteor Base,Any,024 - Tier 2 Post Game,Repeatable event,Electric,Rock,
Iron Valiant,Cave,Paradox Boss Room,Event,024 - Tier 2 Post Game,can be caught early when initiating the Paradox battle via Miraidon,Fairy,Fighting,
Koraidon,Event,Victory Road,Any,024 - Tier 2 Post Game,"After catching all Spirits in VR and beating Elite 4, talk to the Hiker again; 
Two portals will be opened on both sides after you enter the Victory Road; 
Battle all Paradox Pokemon and their leaders",Fighting,Dragon,
Miraidon,Event,Victory Road,Any,024 - Tier 2 Post Game,See Koraidon Entry,Electric,Dragon,
Raging Bolt,Land,New World,Any,024 - Tier 2 Post Game,Same area as the respective present Pokémon,Electric,Dragon,
Regidrago,Event,New World - Route 2,Any,024 - Tier 2 Post Game,Z - Regigigas Questline,Dragon,,
Regieleki,Event,New World - Route 2,Any,024 - Tier 2 Post Game,Z - Regigigas Questline,Electric,,
Roaring Moon,Cave,Paradox Boss Room,Event,024 - Tier 2 Post Game,can be caught early when initiating the Paradox battle via Koraidon,Dark,Flying,
Sandy Shocks,Cave,Paradox Jungle,Any,024 - Tier 2 Post Game,Repeatable event,Electric,Ground,
Slither Wing,Cave,Paradox Jungle,Any,024 - Tier 2 Post Game,Repeatable event,Bug,Fighting,
Walking Wake,Water,New World,Any,024 - Tier 2 Post Game,Same area as the respective present Pokémon,Water,Dragon,
Enamorus,Event,Manyworld Forest,Any,025 - Tier 3 Post Game,Added to Genie quest,Fairy,Flying,*NOT the Pool where you catch squirtle
Fezandipiti,Event,Byxbysion Wasteland,Any,025 - Tier 3 Post Game,Check Ogerpon entry,Poison,Fairy,
Great Tusk,Cave,Paradox Jungle,Any,025 - Tier 3 Post Game,"Repeatable event, appears after finishing ""Swords of Justice"" legendary quest",Ground,Fighting,
Iron Boulder,Land,New World,Any,025 - Tier 3 Post Game,Same area as the respective present Pokémon,Rock,Psychic,
Iron Crown,Land,New World,Any,025 - Tier 3 Post Game,Same area as the respective present Pokémon,Steel,Psychic,
Iron Leaves,Land,New World,Any,025 - Tier 3 Post Game,Same area as the respective present Pokémon,Grass,Psychic,
Iron Treads,Cave,Paradox Meteor Base,Any,025 - Tier 3 Post Game,"Repeatable event, appears after finishing ""Swords of Justice"" legendary quest",Ground,Steel,
Munkidori,Event,Byxbysion Wasteland,Any,025 - Tier 3 Post Game,Check Ogerpon entry,Poison,Psychic,
Ogerpon,Event,Ametrine City,Any,025 - Tier 3 Post Game,"After Radomus' rescue, talk to Fred (blonde glasses) in Nightclub
Go to Ametrine City and find Ogerpon, follow it to the mountain
Go to Byxbysion in the center area above the dirty pool, talk to Ogerpon
After finishing Byxbysion, go back to Goro in Ametrine Mountain",Grass,Fighting,
Okidogi,Event,Byxbysion Wasteland,Any,025 - Tier 3 Post Game,Check Ogerpon entry,Poison,Fighting,
Pecharunt,Event,Byxbysion Wasteland,Any,025 - Tier 3 Post Game,Check Ogerpon entry,Poison,Ghost,
Chien-Pao,Event,Citae Astrae,Any,026 - Tier 4 Post Game,See Wo-Chien entry,Dark,Ice,
Chi-Yu,Event,Citae Astrae,Any,026 - Tier 4 Post Game,See Wo-Chien entry,Dark,Fire,
Iron Bundle,Cave,Paradox Meteor Base,Any,026 - Tier 4 Post Game,"Repeatable event, appears after finishing Hoopa quest",Water,Ice,
Quaquaval,Surf,Aegir Cave,Any,026 - Tier 4 Post Game,,Water,Fighting,
Scream Tail,Cave,Paradox Jungle,Any,026 - Tier 4 Post Game,"Repeatable event, appears after finishing Hoopa quest",Fairy,Psychic,
Ting-Lu,Event,Citae Astrae,Any,026 - Tier 4 Post Game,See Wo-Chien entry,Dark,Ground,
Wo-Chien,Event,Citae Astrae,Any,026 - Tier 4 Post Game,"Initiate the Quest by talking to Elias in the Nightclub after Victini Quest;
Go to Citae Astrae and enter the new gates",Dark,Grass,
Flutter Mane,Cave,Paradox Jungle,Any,026 - Tier 5 Post Game,"Repeatable event, appears after finishing Diancie quest",Ghost,Fairy,
Inteleon,Super Rod,Unexplored Territory,Any,026 - Tier 5 Post Game,,Water,,
Iron Moth,Cave,Paradox Meteor Base,Any,026 - Tier 5 Post Game,"Repeatable event, appears after finishing Diancie quest",Poison,Fire,
Calyrex,Land,Idyll of Panaceance,Any,027 - Tier 6 Post Game,Normal encounter,Grass,Psychic,
Glastrier,Land,Idyll of Panaceance,Any,027 - Tier 6 Post Game,Normal encounter,Ice,,
Iron Valiant,Cave,Paradox Boss Room,Any,027 - Tier 6 Post Game,"Repeatable event, appears after finishing Mew quest",Fairy,Fighting,
Kubfu,Land,Idyll of Pestilence,Any,027 - Tier 6 Post Game,Normal encounter,Fighting,,
Meowscarada,Cave,Chrysolia Deepwoods,Night,027 - Tier 6 Post Game,,Grass,Dark,
Roaring Moon,Cave,Paradox Boss Room,Any,027 - Tier 6 Post Game,"Repeatable event, appears after finishing Mew quest",Dark,Flying,
Spectrier,Land,Idyll of Pestilence,Any,027 - Tier 6 Post Game,Normal encounter,Ghost,,
Zacian,Event,Rhodochrine Jungle,Any,027 - Tier 6 Post Game,"After Deoxys quest, talk to Fred in the Nightclub
Find the dogs in Rhodochrine Jungle - 
Zamazenta: near the big tree (walk behind the small tree to trigger)
Zacian: near the campfire south (where the meteors camped early-game)
Battle against them: Area with Stantler Event",Fairy,Steel,
Zamazenta,Event,Rhodochrine Jungle,Any,027 - Tier 6 Post Game,See Zacian entry,Fairy,Fighting,
Zarude,Event,Rhodochrine Jungle,Any,027 - Tier 6 Post Game,See Zacian entry,Grass,Dark,
Eternatus,Land,New World Helix,Any,028 - Tier 7 Post Game,Normal encounter,Poison,Dragon,
Rillaboom,Cave,Rhodochrine Tree,Any,028 - Tier 7 Post Game,,Grass,,
Skeledirge,Cave,Mirage Tower?,Any,028 - Tier 7 Post Game,,Fire,Ghost,
Terapagos,Event,Iolia Valley,Any,028 - Tier 7 Post Game,"After Xerneas/Yveltal quest, talk to Luna to initiate the quest. 
Upon leaving the Nightclub, a meteor should crash into Iolia Valley. 
Follow Lunas instructions there. Afterwards meet Goro in Nightclub and follow him to his Cave on Ametrine Mountain.",Normal,,
,,,,,,,,
"Evolution Section (Check for Items in the ""New Items"" tab)",,,,,,,,
Alcremie,Evolution,Not Catchable,,035 - N/A,Evolve Milcery using a Handmixer,Fairy,,
Annihilape,Evolution,Not Catchable,,035 - N/A,Evolve Primeape by knowing Rage Fist (lvl 57),Fighting,Ghost,
Appletun,Evolution,Not Catchable,,035 - N/A,Evolve Applin with a Sweet Apple,Dragon,Grass,
Archaludon,Evolution,Not Catchable,,035 - N/A,Evolve Duraludon using Metal Alloy,Dragon,Steel,
Armarouge,Evolution,Not Catchable,,035 - N/A,Evolve Charcadet by using  Auspicious Armor on it,Fire,Psychic,
Arrokuda,Evolution,Not Catchable,,035 - N/A,Breed Barraskewda,Water,,
Basculegion,Evolution,Not Catchable,,035 - N/A,Evolve H-Basculin by knowing Wave Crash (lvl 44),Water,Ghost,
Baxcalibur,Evolution,Not Catchable,,035 - N/A,Evolve Arctibax,Ice,Dragon,
Carkol,Evolution,Not Catchable,,035 - N/A,Evolve Rolycoly,Rock,Fire,
Centiskorch,Evolution,Not Catchable,,035 - N/A,Evolve Sizzlipede,Bug,Fire,
Ceruledge,Evolution,Not Catchable,,035 - N/A,Evolve Charcadet by using Malicous Armor on it,Fire,Ghost,
Clodsire,Evolution,Not Catchable,,035 - N/A,Evolve Paldean Wooper,Poison,Ground,
Coalossal,Evolution,Not Catchable,,035 - N/A,Evolve Carkol,Rock,Fire,
Copperajah,Evolution,Not Catchable,,035 - N/A,Evolve Cufant,Steel,,
Crocalor,Evolution,Not Catchable,,035 - N/A,Evolve Fuecoco,Fire,,
Cursola,Evolution,Not Catchable,,035 - N/A,Evolve Galarian Corsola,Ghost,,
Dipplin,Evolution,Not Catchable,,035 - N/A,Evolve Applin with a Syrupy Apple,Dragon,Grass,
Dolliv,Evolution,Not Catchable,,035 - N/A,Evolve Smoliv,Grass,Normal,
Dragapult,Evolution,Not Catchable,,035 - N/A,Evolve Drakloak,Dragon,Ghost,
Drakloak,Evolution,Not Catchable,,035 - N/A,Evolve Dreepy,Dragon,Ghost,
Dudunsparce,Evolution,Not Catchable,,035 - N/A,Evolve Dunsparce by knowing Hyper Drill (lvl 32),Normal,,
Farigiraf,Evolution,Not Catchable,,035 - N/A,Evolve Girafarig by knowing Twin Beam (lvl 32),Normal,Psychic,
Flapple,Evolution,Not Catchable,,035 - N/A,Evolve Applin with a Tart Apple,Dragon,Grass,
Flittle,Evolution,Not Catchable,,035 - N/A,Breed Espathra,Psychic,,
Floragato,Evolution,Not Catchable,,035 - N/A,Evolve Sprigatito,Grass,Dark,
Frigibax,Evolution,Not Catchable,,035 - N/A,Breed Arctibax or Baxcalibur,Ice,Dragon,
Frosmoth,Evolution,Not Catchable,,035 - N/A,Evolve Snom,Bug,Ice,
Galarian Darmanitan,Evolution,Not Catchable,,035 - N/A,Evolve Snom,Ice,,
Galarian Mr.Mime,Evolution,Not Catchable,,035 - N/A,Evolve Mime Jr. in Ametrine or Celestinine Mountain,Psychic,Ice,
Galarian Rapidash,Evolution,Not Catchable,,035 - N/A,Evolve Galarian Ponyta,Psychic,Fairy,
Galarian Slowbro,Evolution,Not Catchable,,035 - N/A,Evolve Galarian Slowpoke using Galarian Cuff,Psychic,Poison,
Galarian Slowking,Evolution,Not Catchable,,035 - N/A,Evolve Galarian Slowpoke using Galarian Wreath,Psychic,Poison,
Galarian Weezing,Evolution,Not Catchable,,035 - N/A,"Evolve Koffing in certain areas:
Titania's Castle, Citae Astrae, Coral Ward (Post-Resto)",Poison,Fairy,
Galarian Zigzagoon,Evolution,Not Catchable,,035 - N/A,Breed Galarian Linoone or Obstagoon,Normal,Dark,
Gholdengo,Evolution,Not Catchable,,035 - N/A,Evolve Gimmighoul by having 999 Gimmighoul Coins in your bag,Ghost,Steel,
Grapploct,Evolution,Not Catchable,,035 - N/A,Evolve Clobbopus,Fighting,,
Grimmsnarl,Evolution,Not Catchable,,035 - N/A,Evolve Morgrem,Dark,Fairy,
Hattena,Evolution,Not Catchable,,035 - N/A,Breed Hatterene,Psychic,Fairy,
Hatterene,Evolution,Not Catchable,,035 - N/A,Evolve Hattrem,Psychic,Fairy,
Hisuian Arcanine,Evolution,Not Catchable,,035 - N/A,Evolve Hisuian Growlithe using a Fire Stone,Fire,Rock,
Hisuian Avalugg,Evolution,Not Catchable,,035 - N/A,Evolve Bergmite at Pyrous Mountain,Ice,Rock,
Hisuian Braviary,Evolution,Not Catchable,,035 - N/A,Evolve Rufflet in Iolia Valley,Psychic,Flying,
Hisuian Decidueye,Evolution,Not Catchable,,035 - N/A,Evolve Dartrix during daytime,Grass,Fighting,
Hisuian Electrode,Evolution,Not Catchable,,035 - N/A,Evolve Hisuian Voltorb using a Leaf Stone,Electric,Grass,
Hisuian Goodra,Evolution,Not Catchable,,035 - N/A,Evolve Hisuian Sliggo,Dragon,Steel,
Hisuian Lilligant,Evolution,Not Catchable,,035 - N/A,Evolve Petilil on Apophyll Island,Grass,Fighting,
Hisuian Samurott,Evolution,Not Catchable,,035 - N/A,Evolve Dewott at night,Water,Dark,
Hisuian Sliggoo,Evolution,Not Catchable,,035 - N/A,Evolve Goomy in the Water Treatment Center,Dragon,Steel,
Hisuian Typhlosion,Evolution,Not Catchable,,035 - N/A,Evolve Quilava at night,Fire,Ghost,
Hisuian Zoroark,Evolution,Not Catchable,,035 - N/A,Evolve Hisuian Zorua,Normal,Ghost,
Hydrapple,Evolution,Not Catchable,,035 - N/A,Evolve Dipplin by knowing Dragon Cheer,Dragon,Grass,
Kingambit,Evolution,Not Catchable,,035 - N/A,Evolve Bisharp by using Leader's Crest,Dark,Steel,
Mabosstiff,Evolution,Not Catchable,,035 - N/A,Evolve Maschiff,Dark,,
Maushold,Evolution,Not Catchable,,035 - N/A,Evolve Tandemaus,Normal,,
Melmetal,Evolution,Not Catchable,,035 - N/A,"Evolve Meltan by using Alloy Candy, follow the Quest of the Assistant in the backroom where you got rewarded with Meltan, you will need: Zinc/Calcium/Iron x5, Iron Ball x1, Steel Gem x1, Metal Coat x1",Steel,,
Morgrem,Evolution,Not Catchable,,035 - N/A,Evolve Impidimp,Dark,Fairy,
Mr. Rime,Evolution,Not Catchable,,035 - N/A,Evolve Galarian Mr.Mime,Psychic,Ice,
Naclstack,Evolution,Not Catchable,,035 - N/A,Evolve Nacli,Rock,,
Obstagoon,Evolution,Not Catchable,,035 - N/A,Evolve Galarian Linoone at night,Normal,Dark,
Orbeetle,Evolution,Not Catchable,,035 - N/A,Evolve Dottler,Bug,Psychic,
Palafin,Evolution,Not Catchable,,035 - N/A,Evolve Finizen at lvl 80,Water,,
Pawmot,Evolution,Not Catchable,,035 - N/A,Evolve Pawmo using a Thunder Stone,Electric,Fighting,
Perrserker,Evolution,Not Catchable,,035 - N/A,Evolve Galarian Meowth,Steel,,
Polteageist,Evolution,Not Catchable,,035 - N/A,Evolve Sinistea with a Cracked or Chipped Pot,Ghost,,
Quaxwell,Evolution,Not Catchable,,035 - N/A,Evolve Quaxly,Water,,
Rabsca,Evolution,Not Catchable,,035 - N/A,Walk 1000 Steps with Rellor / Happiness,Bug,Psychic,
Runerigus,Evolution,Not Catchable,,035 - N/A,Evolve Galarian Yamask at Night (lvl 38),Ghost,Ground,
Scorbunny,Evolution,Not Catchable,,035 - N/A,Breed Cinderace or Raboot,Fire,,
Sirfetch'd,Evolution,Not Catchable,,035 - N/A,Evolve Galarian Farfetch'd after striking three criticals in one battle,Fighting,,
Sneasler,Evolution,Not Catchable,,035 - N/A,Evolve Hisuian Sneasel during daytime while holding Razor Claw,Fighting,Poison,
Sobble,Evolution,Not Catchable,,035 - N/A,Breed Inteleon or Drizzile,Water,,
Spidops,Evolution,Not Catchable,,035 - N/A,Evolve Tarountula,Bug,,
Thwackey,Evolution,Not Catchable,,035 - N/A,Evolve Grookey or breed Rillaboom,Grass,,
Tinkatink,Evolution,Not Catchable,,035 - N/A,Breed Tinkatuff or Tinkaton,Fairy,Steel,
Toedscool,Evolution,Not Catchable,,035 - N/A,Breed Toedscruel,Ground,Grass,
Ursaluna,Evolution,Not Catchable,,035 - N/A,Evolve Ursaring by using Peat Block at night,Normal,Ground,
Blood-Ursaluna,Evolution,Not Catchable,,035 - N/A,Evolve Ursaring with Peat Block at night on Teknite Ridge (Male only),Normal,Ground,
Urshifu,Evolution,Not Catchable,,035 - N/A,"Evolve Kubfu with Scrolls: You can get 2 scrolls:
1st: Post-Renovation inside the Azurine Cave, bring Kubfu 1st party slot to the trainee inside the cave
2nd: Post-Renovation, in Apophyll Academy sits a Kubfu, if you show it your Urshifu it joins your team and holds the scroll you didn't choose first",Fighting,Water/Dark,
Varoom,Evolution,Not Catchable,,035 - N/A,Breed Revavroom,Poison,Steel,
Wyrdeer,Evolution,Not Catchable,,035 - N/A,Evolve Stantler by knowing Psyshield  Bash (lvl 37),Normal,Psychic,